Part_no,Modified_date,Modifier,Part_name,Project,Recepipt_date,Rev_date,Rev_no
1,,a,A,P3,15-07-2016,14-07-2016,2
TT,,a,A,P21,23-07-2016,13-07-2016,1
ABC,,a,C,P3,15-07-2016,13-07-2016,10
L,13-07-2016,a,A,AA12,10-07-2016,14-07-2016,1
HELLO TEST,26-07-2016,a,A,P4,22-07-2016,14-07-2016,REV NUM
P N,26-07-2016,a,A,P4,22-07-2016.PDF,24-07-2016,D R 444
NEW PART,26-07-2016,a,C,P3,23-07-2016.PDF,08-07-2016,1
HELLO TEST,26-07-2016,a,A,P4,22-07-2016,14-07-2016,REV NUM 1
33 33,26-07-2016,a,C,P18,29-07-2016,15-07-2016,REV 7
DIVAKAR VERMA,25-08-2016,a,F,P4,28-08-2016,25-08-2016,REV 1
divakar cverma,25-08-2016,a,E,P3,26-08-2016,25-08-2016,rev 1
div verm,25-08-2016,a,E,P5,25-08-2016,25-08-2016,rev 3
div new,25-08-2016,a,E,P23,25-08-2016,25-08-2016,r
div work,26-08-2016,a,F,P4,26-08-2016,26-08-2016,ReV 3
111,14-10-2016,a,A,P100,14-10-2016,13-07-2016,rev2
